SampleID,Flask_No,Enrichment,Carbon,Media,Replicate,Time_Point,Time,Minutes,Hours,Absorbance,Absorbance_300,Biomass_mg
Emma2_DCPET_ARW_R1_T0,1,Emma2,DCPET,ARW,R1,T0,06072021_0500pm,0,0,0.09,,
Emma2_DCPET_ARW_R2_T0,2,Emma2,DCPET,ARW,R2,T0,06072021_0500pm,0,0,0.192,,
Emma2_DCPET_ARW_R3_T0,3,Emma2,DCPET,ARW,R3,T0,06072021_0500pm,0,0,0.075,,
Laura1_DCPET_ARW_R1_T0,4,Laura1,DCPET,ARW,R1,T0,06072021_0500pm,0,0,0.191,,
Laura1_DCPET_ARW_R2_T0,5,Laura1,DCPET,ARW,R2,T0,06072021_0500pm,0,0,0.181,,
Laura1_DCPET_ARW_R3_T0,6,Laura1,DCPET,ARW,R3,T0,06072021_0500pm,0,0,0.217,,
Laura2_DCPET_ARW_R1_T0,7,Laura2,DCPET,ARW,R1,T0,06072021_0500pm,0,0,0.208,,
Laura2_DCPET_ARW_R2_T0,8,Laura2,DCPET,ARW,R2,T0,06072021_0500pm,0,0,0.235,,
Laura2_DCPET_ARW_R3_T0,9,Laura2,DCPET,ARW,R3,T0,06072021_0500pm,0,0,0.181,,
Emma2_Blank_ARW_R1_T0,10,Emma2,Blank,ARW,R1,T0,06072021_0500pm,0,0,0.109,,
Emma2_Blank_ARW_R2_T0,11,Emma2,Blank,ARW,R2,T0,06072021_0500pm,0,0,0.069,,
Emma2_Blank_ARW_R3_T0,12,Emma2,Blank,ARW,R3,T0,06072021_0500pm,0,0,0.134,,
Laura1_Blank_ARW_R1_T0,13,Laura1,Blank,ARW,R1,T0,06072021_0500pm,0,0,0.261,,
Laura1_Blank_ARW_R2_T0,14,Laura1,Blank,ARW,R2,T0,06072021_0500pm,0,0,0.237,,
Laura1_Blank_ARW_R3_T0,15,Laura1,Blank,ARW,R3,T0,06072021_0500pm,0,0,0.215,,
Laura2_Blank_ARW_R1_T0,16,Laura2,Blank,ARW,R1,T0,06072021_0500pm,0,0,0.221,,
Laura2_Blank_ARW_R2_T0,17,Laura2,Blank,ARW,R2,T0,06072021_0500pm,0,0,0.281,,
Laura2_Blank_ARW_R3_T0,18,Laura2,Blank,ARW,R3,T0,06072021_0500pm,0,0,0.338,,
Emma2_DCPET_BH_R1_T0,19,Emma2,DCPET,BH,R1,T0,06072021_0500pm,0,0,0.115,,
Emma2_DCPET_BH_R2_T0,20,Emma2,DCPET,BH,R2,T0,06072021_0500pm,0,0,0.071,,
Emma2_DCPET_BH_R3_T0,21,Emma2,DCPET,BH,R3,T0,06072021_0500pm,0,0,0.137,,
Laura1_DCPET_BH_R1_T0,22,Laura1,DCPET,BH,R1,T0,06072021_0500pm,0,0,0.211,,
Laura1_DCPET_BH_R2_T0,23,Laura1,DCPET,BH,R2,T0,06072021_0500pm,0,0,0.228,,
Laura1_DCPET_BH_R3_T0,24,Laura1,DCPET,BH,R3,T0,06072021_0500pm,0,0,0.282,,
Laura2_DCPET_BH_R1_T0,25,Laura2,DCPET,BH,R1,T0,06072021_0500pm,0,0,0.206,,
Laura2_DCPET_BH_R2_T0,26,Laura2,DCPET,BH,R2,T0,06072021_0500pm,0,0,0.226,,
Laura2_DCPET_BH_R3_T0,27,Laura2,DCPET,BH,R3,T0,06072021_0500pm,0,0,0.215,,
Emma2_Blank_BH_R1_T0,28,Emma2,Blank,BH,R1,T0,06072021_0500pm,0,0,0.152,,
Emma2_Blank_BH_R2_T0,29,Emma2,Blank,BH,R2,T0,06072021_0500pm,0,0,0.135,,
Emma2_Blank_BH_R3_T0,30,Emma2,Blank,BH,R3,T0,06072021_0500pm,0,0,0.093,,
Laura1_Blank_BH_R1_T0,31,Laura1,Blank,BH,R1,T0,06072021_0500pm,0,0,0.199,,
Laura1_Blank_BH_R2_T0,32,Laura1,Blank,BH,R2,T0,06072021_0500pm,0,0,0.196,,
Laura1_Blank_BH_R3_T0,33,Laura1,Blank,BH,R3,T0,06072021_0500pm,0,0,0.191,,
Laura2_Blank_BH_R1_T0,34,Laura2,Blank,BH,R1,T0,06072021_0500pm,0,0,0.222,,
Laura2_Blank_BH_R2_T0,35,Laura2,Blank,BH,R2,T0,06072021_0500pm,0,0,0.199,,
Laura2_Blank_BH_R3_T0,36,Laura2,Blank,BH,R3,T0,06072021_0500pm,0,0,0.224,,
Emma2_DCPET_AMW_R1_T0,37,Emma2,DCPET,AMW,R1,T0,06072021_0500pm,0,0,0.215,,
Emma2_DCPET_AMW_R2_T0,38,Emma2,DCPET,AMW,R2,T0,06072021_0500pm,0,0,0.339,,
Emma2_DCPET_AMW_R3_T0,39,Emma2,DCPET,AMW,R3,T0,06072021_0500pm,0,0,0.135,,
Laura1_DCPET_AMW_R1_T0,40,Laura1,DCPET,AMW,R1,T0,06072021_0500pm,0,0,0.177,,
Laura1_DCPET_AMW_R2_T0,41,Laura1,DCPET,AMW,R2,T0,06072021_0500pm,0,0,0.193,,
Laura1_DCPET_AMW_R3_T0,42,Laura1,DCPET,AMW,R3,T0,06072021_0500pm,0,0,0.212,,
Laura2_DCPET_AMW_R1_T0,43,Laura2,DCPET,AMW,R1,T0,06072021_0500pm,0,0,0.231,,
Laura2_DCPET_AMW_R2_T0,44,Laura2,DCPET,AMW,R2,T0,06072021_0500pm,0,0,0.216,,
Laura2_DCPET_AMW_R3_T0,45,Laura2,DCPET,AMW,R3,T0,06072021_0500pm,0,0,0.221,,
Emma2_Blank_AMW_R1_T0,46,Emma2,Blank,AMW,R1,T0,06072021_0500pm,0,0,0.157,,
Emma2_Blank_AMW_R2_T0,47,Emma2,Blank,AMW,R2,T0,06072021_0500pm,0,0,0.13,,
Emma2_Blank_AMW_R3_T0,48,Emma2,Blank,AMW,R3,T0,06072021_0500pm,0,0,0.076,,
Laura1_Blank_AMW_R1_T0,49,Laura1,Blank,AMW,R1,T0,06072021_0500pm,0,0,0.176,,
Laura1_Blank_AMW_R2_T0,50,Laura1,Blank,AMW,R2,T0,06072021_0500pm,0,0,0.188,,
Laura1_Blank_AMW_R3_T0,51,Laura1,Blank,AMW,R3,T0,06072021_0500pm,0,0,0.192,,
Laura2_Blank_AMW_R1_T0,52,Laura2,Blank,AMW,R1,T0,06072021_0500pm,0,0,0.274,,
Laura2_Blank_AMW_R2_T0,53,Laura2,Blank,AMW,R2,T0,06072021_0500pm,0,0,0.207,,
Laura2_Blank_AMW_R3_T0,54,Laura2,Blank,AMW,R3,T0,06072021_0500pm,0,0,0.205,,
Blank_DCPET_AMW_R1_T0,55,Blank,DCPET,AMW,R1,T0,06072021_0500pm,0,0,0.039,,
Blank_DCPET_AMW_R2_T0,56,Blank,DCPET,AMW,R2,T0,06072021_0500pm,0,0,0.039,,
Blank_DCPET_AMW_R3_T0,57,Blank,DCPET,AMW,R3,T0,06072021_0500pm,0,0,0.04,,
Blank_TPA_BH_R1_T0,58,Blank,TPA,BH,R1,T0,06072021_0500pm,0,0,0.054,,
Blank_TPA_BH_R2_T0,59,Blank,TPA,BH,R2,T0,06072021_0500pm,0,0,0.049,,
Blank_TPA_BH_R3_T0,60,Blank,TPA,BH,R3,T0,06072021_0500pm,0,0,0.05,,
Blank_DCPET_BH_R1_T0,61,Blank,DCPET,BH,R1,T0,06072021_0500pm,0,0,0.056,,
Blank_DCPET_BH_R2_T0,62,Blank,DCPET,BH,R2,T0,06072021_0500pm,0,0,0.051,,
Blank_DCPET_BH_R3_T0,63,Blank,DCPET,BH,R3,T0,06072021_0500pm,0,0,0.051,,
Blank_DCPET_ARW_R1_T0,64,Blank,DCPET,ARW,R1,T0,06072021_0500pm,0,0,0.041,,
Blank_DCPET_ARW_R2_T0,65,Blank,DCPET,ARW,R2,T0,06072021_0500pm,0,0,0.039,,
Blank_DCPET_ARW_R3_T0,66,Blank,DCPET,ARW,R3,T0,06072021_0500pm,0,0,0.04,,
Emma2_TPA_BH_R1_T0,67,Emma2,TPA,BH,R1,T0,06072021_0500pm,0,0,0.189,,
Emma2_TPA_BH_R2_T0,68,Emma2,TPA,BH,R2,T0,06072021_0500pm,0,0,0.067,,
Emma2_TPA_BH_R3_T0,69,Emma2,TPA,BH,R3,T0,06072021_0500pm,0,0,0.139,,
Laura1_TPA_BH_R1_T0,70,Laura1,TPA,BH,R1,T0,06072021_0500pm,0,0,0.209,,
Laura1_TPA_BH_R2_T0,71,Laura1,TPA,BH,R2,T0,06072021_0500pm,0,0,0.245,,
Laura1_TPA_BH_R3_T0,72,Laura1,TPA,BH,R3,T0,06072021_0500pm,0,0,0.218,,
Laura2_TPA_BH_R1_T0,73,Laura2,TPA,BH,R1,T0,06072021_0500pm,0,0,0.223,,
Laura2_TPA_BH_R2_T0,74,Laura2,TPA,BH,R2,T0,06072021_0500pm,0,0,0.231,,
Laura2_TPA_BH_R3_T0,75,Laura2,TPA,BH,R3,T0,06072021_0500pm,0,0,0.235,,
Emma2_DCPET_ARW_R1_T1,1,Emma2,DCPET,ARW,R1,T1,06082021_0153pm,1373,22.9,0.744,,
Emma2_DCPET_ARW_R2_T1,2,Emma2,DCPET,ARW,R2,T1,06082021_0153pm,1373,22.9,0.345,,
Emma2_DCPET_ARW_R3_T1,3,Emma2,DCPET,ARW,R3,T1,06082021_0153pm,1373,22.9,0.391,,
Laura1_DCPET_ARW_R1_T1,4,Laura1,DCPET,ARW,R1,T1,06082021_0153pm,1373,22.9,0.32,,
Laura1_DCPET_ARW_R2_T1,5,Laura1,DCPET,ARW,R2,T1,06082021_0153pm,1373,22.9,0.603,,
Laura1_DCPET_ARW_R3_T1,6,Laura1,DCPET,ARW,R3,T1,06082021_0153pm,1373,22.9,0.547,,
Laura2_DCPET_ARW_R1_T1,7,Laura2,DCPET,ARW,R1,T1,06082021_0153pm,1373,22.9,0.543,,
Laura2_DCPET_ARW_R2_T1,8,Laura2,DCPET,ARW,R2,T1,06082021_0153pm,1373,22.9,0.299,,
Laura2_DCPET_ARW_R3_T1,9,Laura2,DCPET,ARW,R3,T1,06082021_0153pm,1373,22.9,0.355,,
Emma2_Blank_ARW_R1_T1,10,Emma2,Blank,ARW,R1,T1,06082021_0153pm,1373,22.9,0.062,,
Emma2_Blank_ARW_R2_T1,11,Emma2,Blank,ARW,R2,T1,06082021_0153pm,1373,22.9,0.228,,
Emma2_Blank_ARW_R3_T1,12,Emma2,Blank,ARW,R3,T1,06082021_0153pm,1373,22.9,0.088,,
Laura1_Blank_ARW_R1_T1,13,Laura1,Blank,ARW,R1,T1,06082021_0153pm,1373,22.9,0.144,,
Laura1_Blank_ARW_R2_T1,14,Laura1,Blank,ARW,R2,T1,06082021_0153pm,1373,22.9,0.178,,
Laura1_Blank_ARW_R3_T1,15,Laura1,Blank,ARW,R3,T1,06082021_0153pm,1373,22.9,0.139,,
Laura2_Blank_ARW_R1_T1,16,Laura2,Blank,ARW,R1,T1,06082021_0153pm,1373,22.9,0.24,,
Laura2_Blank_ARW_R2_T1,17,Laura2,Blank,ARW,R2,T1,06082021_0153pm,1373,22.9,0.116,,
Laura2_Blank_ARW_R3_T1,18,Laura2,Blank,ARW,R3,T1,06082021_0153pm,1373,22.9,0.314,,
Emma2_DCPET_BH_R1_T1,19,Emma2,DCPET,BH,R1,T1,06082021_0153pm,1373,22.9,0.295,,
Emma2_DCPET_BH_R2_T1,20,Emma2,DCPET,BH,R2,T1,06082021_0153pm,1373,22.9,0.573,,
Emma2_DCPET_BH_R3_T1,21,Emma2,DCPET,BH,R3,T1,06082021_0153pm,1373,22.9,0.555,,
Laura1_DCPET_BH_R1_T1,22,Laura1,DCPET,BH,R1,T1,06082021_0153pm,1373,22.9,0.419,,
Laura1_DCPET_BH_R2_T1,23,Laura1,DCPET,BH,R2,T1,06082021_0153pm,1373,22.9,0.904,,
Laura1_DCPET_BH_R3_T1,24,Laura1,DCPET,BH,R3,T1,06082021_0153pm,1373,22.9,0.638,,
Laura2_DCPET_BH_R1_T1,25,Laura2,DCPET,BH,R1,T1,06082021_0153pm,1373,22.9,0.611,,
Laura2_DCPET_BH_R2_T1,26,Laura2,DCPET,BH,R2,T1,06082021_0153pm,1373,22.9,0.556,,
Laura2_DCPET_BH_R3_T1,27,Laura2,DCPET,BH,R3,T1,06082021_0153pm,1373,22.9,0.516,,
Emma2_Blank_BH_R1_T1,28,Emma2,Blank,BH,R1,T1,06082021_0153pm,1373,22.9,0.097,,
Emma2_Blank_BH_R2_T1,29,Emma2,Blank,BH,R2,T1,06082021_0153pm,1373,22.9,0.079,,
Emma2_Blank_BH_R3_T1,30,Emma2,Blank,BH,R3,T1,06082021_0153pm,1373,22.9,0.173,,
Laura1_Blank_BH_R1_T1,31,Laura1,Blank,BH,R1,T1,06082021_0153pm,1373,22.9,0.202,,
Laura1_Blank_BH_R2_T1,32,Laura1,Blank,BH,R2,T1,06082021_0153pm,1373,22.9,0.328,,
Laura1_Blank_BH_R3_T1,33,Laura1,Blank,BH,R3,T1,06082021_0153pm,1373,22.9,0.172,,
Laura2_Blank_BH_R1_T1,34,Laura2,Blank,BH,R1,T1,06082021_0153pm,1373,22.9,0.194,,
Laura2_Blank_BH_R2_T1,35,Laura2,Blank,BH,R2,T1,06082021_0153pm,1373,22.9,0.108,,
Laura2_Blank_BH_R3_T1,36,Laura2,Blank,BH,R3,T1,06082021_0153pm,1373,22.9,0.084,,
Emma2_DCPET_AMW_R1_T1,37,Emma2,DCPET,AMW,R1,T1,06082021_0153pm,1373,22.9,0.267,,
Emma2_DCPET_AMW_R2_T1,38,Emma2,DCPET,AMW,R2,T1,06082021_0153pm,1373,22.9,0.96,,
Emma2_DCPET_AMW_R3_T1,39,Emma2,DCPET,AMW,R3,T1,06082021_0153pm,1373,22.9,0.453,,
Laura1_DCPET_AMW_R1_T1,40,Laura1,DCPET,AMW,R1,T1,06082021_0153pm,1373,22.9,0.648,,
Laura1_DCPET_AMW_R2_T1,41,Laura1,DCPET,AMW,R2,T1,06082021_0153pm,1373,22.9,0.442,,
Laura1_DCPET_AMW_R3_T1,42,Laura1,DCPET,AMW,R3,T1,06082021_0153pm,1373,22.9,0.62,,
Laura2_DCPET_AMW_R1_T1,43,Laura2,DCPET,AMW,R1,T1,06082021_0153pm,1373,22.9,0.389,,
Laura2_DCPET_AMW_R2_T1,44,Laura2,DCPET,AMW,R2,T1,06082021_0153pm,1373,22.9,0.38,,
Laura2_DCPET_AMW_R3_T1,45,Laura2,DCPET,AMW,R3,T1,06082021_0153pm,1373,22.9,0.762,,
Emma2_Blank_AMW_R1_T1,46,Emma2,Blank,AMW,R1,T1,06082021_0153pm,1373,22.9,0.302,,
Emma2_Blank_AMW_R2_T1,47,Emma2,Blank,AMW,R2,T1,06082021_0153pm,1373,22.9,0.282,,
Emma2_Blank_AMW_R3_T1,48,Emma2,Blank,AMW,R3,T1,06082021_0153pm,1373,22.9,0.15,,
Laura1_Blank_AMW_R1_T1,49,Laura1,Blank,AMW,R1,T1,06082021_0153pm,1373,22.9,0.167,,
Laura1_Blank_AMW_R2_T1,50,Laura1,Blank,AMW,R2,T1,06082021_0153pm,1373,22.9,0.146,,
Laura1_Blank_AMW_R3_T1,51,Laura1,Blank,AMW,R3,T1,06082021_0153pm,1373,22.9,0.157,,
Laura2_Blank_AMW_R1_T1,52,Laura2,Blank,AMW,R1,T1,06082021_0153pm,1373,22.9,0.206,,
Laura2_Blank_AMW_R2_T1,53,Laura2,Blank,AMW,R2,T1,06082021_0153pm,1373,22.9,0.2,,
Laura2_Blank_AMW_R3_T1,54,Laura2,Blank,AMW,R3,T1,06082021_0153pm,1373,22.9,0.162,,
Blank_DCPET_AMW_R1_T1,55,Blank,DCPET,AMW,R1,T1,06082021_0153pm,1373,22.9,0.038,,
Blank_DCPET_AMW_R2_T1,56,Blank,DCPET,AMW,R2,T1,06082021_0153pm,1373,22.9,0.039,,
Blank_DCPET_AMW_R3_T1,57,Blank,DCPET,AMW,R3,T1,06082021_0153pm,1373,22.9,0.038,,
Blank_TPA_BH_R1_T1,58,Blank,TPA,BH,R1,T1,06082021_0153pm,1373,22.9,0.064,,
Blank_TPA_BH_R2_T1,59,Blank,TPA,BH,R2,T1,06082021_0153pm,1373,22.9,0.084,,
Blank_TPA_BH_R3_T1,60,Blank,TPA,BH,R3,T1,06082021_0153pm,1373,22.9,0.104,,
Blank_DCPET_BH_R1_T1,61,Blank,DCPET,BH,R1,T1,06082021_0153pm,1373,22.9,0.067,,
Blank_DCPET_BH_R2_T1,62,Blank,DCPET,BH,R2,T1,06082021_0153pm,1373,22.9,0.063,,
Blank_DCPET_BH_R3_T1,63,Blank,DCPET,BH,R3,T1,06082021_0153pm,1373,22.9,0.072,,
Blank_DCPET_ARW_R1_T1,64,Blank,DCPET,ARW,R1,T1,06082021_0153pm,1373,22.9,0.042,,
Blank_DCPET_ARW_R2_T1,65,Blank,DCPET,ARW,R2,T1,06082021_0153pm,1373,22.9,0.041,,
Blank_DCPET_ARW_R3_T1,66,Blank,DCPET,ARW,R3,T1,06082021_0153pm,1373,22.9,0.042,,
Emma2_TPA_BH_R1_T1,67,Emma2,TPA,BH,R1,T1,06082021_0153pm,1373,22.9,0.197,,
Emma2_TPA_BH_R2_T1,68,Emma2,TPA,BH,R2,T1,06082021_0153pm,1373,22.9,0.205,,
Emma2_TPA_BH_R3_T1,69,Emma2,TPA,BH,R3,T1,06082021_0153pm,1373,22.9,0.141,,
Laura1_TPA_BH_R1_T1,70,Laura1,TPA,BH,R1,T1,06082021_0153pm,1373,22.9,0.751,,
Laura1_TPA_BH_R2_T1,71,Laura1,TPA,BH,R2,T1,06082021_0153pm,1373,22.9,0.44,,
Laura1_TPA_BH_R3_T1,72,Laura1,TPA,BH,R3,T1,06082021_0153pm,1373,22.9,0.323,,
Laura2_TPA_BH_R1_T1,73,Laura2,TPA,BH,R1,T1,06082021_0153pm,1373,22.9,0.223,,
Laura2_TPA_BH_R2_T1,74,Laura2,TPA,BH,R2,T1,06082021_0153pm,1373,22.9,0.192,,
Laura2_TPA_BH_R3_T1,75,Laura2,TPA,BH,R3,T1,06082021_0153pm,1373,22.9,0.378,,
Emma2_DCPET_ARW_R1_T2,1,Emma2,DCPET,ARW,R1,T2,06092021_1200pm,2700,45,0.443,,
Emma2_DCPET_ARW_R2_T2,2,Emma2,DCPET,ARW,R2,T2,06092021_1200pm,2700,45,0.471,,
Emma2_DCPET_ARW_R3_T2,3,Emma2,DCPET,ARW,R3,T2,06092021_1200pm,2700,45,0.486,,
Laura1_DCPET_ARW_R1_T2,4,Laura1,DCPET,ARW,R1,T2,06092021_1200pm,2700,45,0.238,,
Laura1_DCPET_ARW_R2_T2,5,Laura1,DCPET,ARW,R2,T2,06092021_1200pm,2700,45,0.839,,
Laura1_DCPET_ARW_R3_T2,6,Laura1,DCPET,ARW,R3,T2,06092021_1200pm,2700,45,0.609,,
Laura2_DCPET_ARW_R1_T2,7,Laura2,DCPET,ARW,R1,T2,06092021_1200pm,2700,45,0.504,,
Laura2_DCPET_ARW_R2_T2,8,Laura2,DCPET,ARW,R2,T2,06092021_1200pm,2700,45,0.553,,
Laura2_DCPET_ARW_R3_T2,9,Laura2,DCPET,ARW,R3,T2,06092021_1200pm,2700,45,0.41,,
Emma2_Blank_ARW_R1_T2,10,Emma2,Blank,ARW,R1,T2,06092021_1200pm,2700,45,0.045,,
Emma2_Blank_ARW_R2_T2,11,Emma2,Blank,ARW,R2,T2,06092021_1200pm,2700,45,0.117,,
Emma2_Blank_ARW_R3_T2,12,Emma2,Blank,ARW,R3,T2,06092021_1200pm,2700,45,0.115,,
Laura1_Blank_ARW_R1_T2,13,Laura1,Blank,ARW,R1,T2,06092021_1200pm,2700,45,0.124,,
Laura1_Blank_ARW_R2_T2,14,Laura1,Blank,ARW,R2,T2,06092021_1200pm,2700,45,0.156,,
Laura1_Blank_ARW_R3_T2,15,Laura1,Blank,ARW,R3,T2,06092021_1200pm,2700,45,0.154,,
Laura2_Blank_ARW_R1_T2,16,Laura2,Blank,ARW,R1,T2,06092021_1200pm,2700,45,0.132,,
Laura2_Blank_ARW_R2_T2,17,Laura2,Blank,ARW,R2,T2,06092021_1200pm,2700,45,0.159,,
Laura2_Blank_ARW_R3_T2,18,Laura2,Blank,ARW,R3,T2,06092021_1200pm,2700,45,0.223,,
Emma2_DCPET_BH_R1_T2,19,Emma2,DCPET,BH,R1,T2,06092021_1200pm,2700,45,0.83,,
Emma2_DCPET_BH_R2_T2,20,Emma2,DCPET,BH,R2,T2,06092021_1200pm,2700,45,0.988,,
Emma2_DCPET_BH_R3_T2,21,Emma2,DCPET,BH,R3,T2,06092021_1200pm,2700,45,1.245,,
Laura1_DCPET_BH_R1_T2,22,Laura1,DCPET,BH,R1,T2,06092021_1200pm,2700,45,1.013,,
Laura1_DCPET_BH_R2_T2,23,Laura1,DCPET,BH,R2,T2,06092021_1200pm,2700,45,0.557,,
Laura1_DCPET_BH_R3_T2,24,Laura1,DCPET,BH,R3,T2,06092021_1200pm,2700,45,0.888,,
Laura2_DCPET_BH_R1_T2,25,Laura2,DCPET,BH,R1,T2,06092021_1200pm,2700,45,0.766,,
Laura2_DCPET_BH_R2_T2,26,Laura2,DCPET,BH,R2,T2,06092021_1200pm,2700,45,1.274,,
Laura2_DCPET_BH_R3_T2,27,Laura2,DCPET,BH,R3,T2,06092021_1200pm,2700,45,0.736,,
Emma2_Blank_BH_R1_T2,28,Emma2,Blank,BH,R1,T2,06092021_1200pm,2700,45,0.352,,
Emma2_Blank_BH_R2_T2,29,Emma2,Blank,BH,R2,T2,06092021_1200pm,2700,45,0.228,,
Emma2_Blank_BH_R3_T2,30,Emma2,Blank,BH,R3,T2,06092021_1200pm,2700,45,0.248,,
Laura1_Blank_BH_R1_T2,31,Laura1,Blank,BH,R1,T2,06092021_1200pm,2700,45,0.16,,
Laura1_Blank_BH_R2_T2,32,Laura1,Blank,BH,R2,T2,06092021_1200pm,2700,45,0.308,,
Laura1_Blank_BH_R3_T2,33,Laura1,Blank,BH,R3,T2,06092021_1200pm,2700,45,0.158,,
Laura2_Blank_BH_R1_T2,34,Laura2,Blank,BH,R1,T2,06092021_1200pm,2700,45,0.145,,
Laura2_Blank_BH_R2_T2,35,Laura2,Blank,BH,R2,T2,06092021_1200pm,2700,45,0.139,,
Laura2_Blank_BH_R3_T2,36,Laura2,Blank,BH,R3,T2,06092021_1200pm,2700,45,0.116,,
Emma2_DCPET_AMW_R1_T2,37,Emma2,DCPET,AMW,R1,T2,06092021_1200pm,2700,45,0.685,,
Emma2_DCPET_AMW_R2_T2,38,Emma2,DCPET,AMW,R2,T2,06092021_1200pm,2700,45,1.313,,
Emma2_DCPET_AMW_R3_T2,39,Emma2,DCPET,AMW,R3,T2,06092021_1200pm,2700,45,1.384,,
Laura1_DCPET_AMW_R1_T2,40,Laura1,DCPET,AMW,R1,T2,06092021_1200pm,2700,45,0.859,,
Laura1_DCPET_AMW_R2_T2,41,Laura1,DCPET,AMW,R2,T2,06092021_1200pm,2700,45,0.555,,
Laura1_DCPET_AMW_R3_T2,42,Laura1,DCPET,AMW,R3,T2,06092021_1200pm,2700,45,0.855,,
Laura2_DCPET_AMW_R1_T2,43,Laura2,DCPET,AMW,R1,T2,06092021_1200pm,2700,45,1.298,,
Laura2_DCPET_AMW_R2_T2,44,Laura2,DCPET,AMW,R2,T2,06092021_1200pm,2700,45,0.78,,
Laura2_DCPET_AMW_R3_T2,45,Laura2,DCPET,AMW,R3,T2,06092021_1200pm,2700,45,1.122,,
Emma2_Blank_AMW_R1_T2,46,Emma2,Blank,AMW,R1,T2,06092021_1200pm,2700,45,0.163,,
Emma2_Blank_AMW_R2_T2,47,Emma2,Blank,AMW,R2,T2,06092021_1200pm,2700,45,0.22,,
Emma2_Blank_AMW_R3_T2,48,Emma2,Blank,AMW,R3,T2,06092021_1200pm,2700,45,0.307,,
Laura1_Blank_AMW_R1_T2,49,Laura1,Blank,AMW,R1,T2,06092021_1200pm,2700,45,0.124,,
Laura1_Blank_AMW_R2_T2,50,Laura1,Blank,AMW,R2,T2,06092021_1200pm,2700,45,0.13,,
Laura1_Blank_AMW_R3_T2,51,Laura1,Blank,AMW,R3,T2,06092021_1200pm,2700,45,0.125,,
Laura2_Blank_AMW_R1_T2,52,Laura2,Blank,AMW,R1,T2,06092021_1200pm,2700,45,0.191,,
Laura2_Blank_AMW_R2_T2,53,Laura2,Blank,AMW,R2,T2,06092021_1200pm,2700,45,0.161,,
Laura2_Blank_AMW_R3_T2,54,Laura2,Blank,AMW,R3,T2,06092021_1200pm,2700,45,0.137,,
Blank_DCPET_AMW_R1_T2,55,Blank,DCPET,AMW,R1,T2,06092021_1200pm,2700,45,0.038,,
Blank_DCPET_AMW_R2_T2,56,Blank,DCPET,AMW,R2,T2,06092021_1200pm,2700,45,0.038,,
Blank_DCPET_AMW_R3_T2,57,Blank,DCPET,AMW,R3,T2,06092021_1200pm,2700,45,0.038,,
Blank_TPA_BH_R1_T2,58,Blank,TPA,BH,R1,T2,06092021_1200pm,2700,45,0.068,,
Blank_TPA_BH_R2_T2,59,Blank,TPA,BH,R2,T2,06092021_1200pm,2700,45,0.086,,
Blank_TPA_BH_R3_T2,60,Blank,TPA,BH,R3,T2,06092021_1200pm,2700,45,0.102,,
Blank_DCPET_BH_R1_T2,61,Blank,DCPET,BH,R1,T2,06092021_1200pm,2700,45,0.07,,
Blank_DCPET_BH_R2_T2,62,Blank,DCPET,BH,R2,T2,06092021_1200pm,2700,45,0.063,,
Blank_DCPET_BH_R3_T2,63,Blank,DCPET,BH,R3,T2,06092021_1200pm,2700,45,0.067,,
Blank_DCPET_ARW_R1_T2,64,Blank,DCPET,ARW,R1,T2,06092021_1200pm,2700,45,0.039,,
Blank_DCPET_ARW_R2_T2,65,Blank,DCPET,ARW,R2,T2,06092021_1200pm,2700,45,0.04,,
Blank_DCPET_ARW_R3_T2,66,Blank,DCPET,ARW,R3,T2,06092021_1200pm,2700,45,0.042,,
Emma2_TPA_BH_R1_T2,67,Emma2,TPA,BH,R1,T2,06092021_1200pm,2700,45,0.583,,
Emma2_TPA_BH_R2_T2,68,Emma2,TPA,BH,R2,T2,06092021_1200pm,2700,45,0.862,,
Emma2_TPA_BH_R3_T2,69,Emma2,TPA,BH,R3,T2,06092021_1200pm,2700,45,0.59,,
Laura1_TPA_BH_R1_T2,70,Laura1,TPA,BH,R1,T2,06092021_1200pm,2700,45,1.536,,
Laura1_TPA_BH_R2_T2,71,Laura1,TPA,BH,R2,T2,06092021_1200pm,2700,45,0.568,,
Laura1_TPA_BH_R3_T2,72,Laura1,TPA,BH,R3,T2,06092021_1200pm,2700,45,0.61,,
Laura2_TPA_BH_R1_T2,73,Laura2,TPA,BH,R1,T2,06092021_1200pm,2700,45,0.462,,
Laura2_TPA_BH_R2_T2,74,Laura2,TPA,BH,R2,T2,06092021_1200pm,2700,45,0.398,,
Laura2_TPA_BH_R3_T2,75,Laura2,TPA,BH,R3,T2,06092021_1200pm,2700,45,0.586,,
Emma2_DCPET_ARW_R1_T3,1,Emma2,DCPET,ARW,R1,T3,06102021_1210pm,4150,69.2,0.82,1.173,6.7
Emma2_DCPET_ARW_R2_T3,2,Emma2,DCPET,ARW,R2,T3,06102021_1210pm,4150,69.2,0.841,1.073,4.4
Emma2_DCPET_ARW_R3_T3,3,Emma2,DCPET,ARW,R3,T3,06102021_1210pm,4150,69.2,0.758,1.062,5.1
Laura1_DCPET_ARW_R1_T3,4,Laura1,DCPET,ARW,R1,T3,06102021_1210pm,4150,69.2,1.523,0.822,8.3
Laura1_DCPET_ARW_R2_T3,5,Laura1,DCPET,ARW,R2,T3,06102021_1210pm,4150,69.2,0.899,0.659,10.6
Laura1_DCPET_ARW_R3_T3,6,Laura1,DCPET,ARW,R3,T3,06102021_1210pm,4150,69.2,0.634,0.833,6.1
Laura2_DCPET_ARW_R1_T3,7,Laura2,DCPET,ARW,R1,T3,06102021_1210pm,4150,69.2,0.853,0.765,3.7
Laura2_DCPET_ARW_R2_T3,8,Laura2,DCPET,ARW,R2,T3,06102021_1210pm,4150,69.2,1.385,0.751,9.2
Laura2_DCPET_ARW_R3_T3,9,Laura2,DCPET,ARW,R3,T3,06102021_1210pm,4150,69.2,1.221,0.765,6.4
Emma2_Blank_ARW_R1_T3,10,Emma2,Blank,ARW,R1,T3,06102021_1210pm,4150,69.2,0.922,0.416,
Emma2_Blank_ARW_R2_T3,11,Emma2,Blank,ARW,R2,T3,06102021_1210pm,4150,69.2,0.253,0.413,
Emma2_Blank_ARW_R3_T3,12,Emma2,Blank,ARW,R3,T3,06102021_1210pm,4150,69.2,0.057,0.445,
Laura1_Blank_ARW_R1_T3,13,Laura1,Blank,ARW,R1,T3,06102021_1210pm,4150,69.2,0.112,0.48,
Laura1_Blank_ARW_R2_T3,14,Laura1,Blank,ARW,R2,T3,06102021_1210pm,4150,69.2,0.077,0.431,
Laura1_Blank_ARW_R3_T3,15,Laura1,Blank,ARW,R3,T3,06102021_1210pm,4150,69.2,0.131,0.44,
Laura2_Blank_ARW_R1_T3,16,Laura2,Blank,ARW,R1,T3,06102021_1210pm,4150,69.2,0.25,0.438,
Laura2_Blank_ARW_R2_T3,17,Laura2,Blank,ARW,R2,T3,06102021_1210pm,4150,69.2,0.18,0.443,
Laura2_Blank_ARW_R3_T3,18,Laura2,Blank,ARW,R3,T3,06102021_1210pm,4150,69.2,0.202,0.42,
Emma2_DCPET_BH_R1_T3,19,Emma2,DCPET,BH,R1,T3,06102021_1210pm,4150,69.2,1.265,1.061,10.5
Emma2_DCPET_BH_R2_T3,20,Emma2,DCPET,BH,R2,T3,06102021_1210pm,4150,69.2,1.372,1.041,10.4
Emma2_DCPET_BH_R3_T3,21,Emma2,DCPET,BH,R3,T3,06102021_1210pm,4150,69.2,1.391,1.08,13.1
Laura1_DCPET_BH_R1_T3,22,Laura1,DCPET,BH,R1,T3,06102021_1210pm,4150,69.2,1.334,0.715,14.8
Laura1_DCPET_BH_R2_T3,23,Laura1,DCPET,BH,R2,T3,06102021_1210pm,4150,69.2,1.275,0.717,10.5
Laura1_DCPET_BH_R3_T3,24,Laura1,DCPET,BH,R3,T3,06102021_1210pm,4150,69.2,1.098,0.791,12.3
Laura2_DCPET_BH_R1_T3,25,Laura2,DCPET,BH,R1,T3,06102021_1210pm,4150,69.2,0.996,0.857,11.9
Laura2_DCPET_BH_R2_T3,26,Laura2,DCPET,BH,R2,T3,06102021_1210pm,4150,69.2,1.16,0.738,11.1
Laura2_DCPET_BH_R3_T3,27,Laura2,DCPET,BH,R3,T3,06102021_1210pm,4150,69.2,1.092,0.791,8.4
Emma2_Blank_BH_R1_T3,28,Emma2,Blank,BH,R1,T3,06102021_1210pm,4150,69.2,0.808,0.468,
Emma2_Blank_BH_R2_T3,29,Emma2,Blank,BH,R2,T3,06102021_1210pm,4150,69.2,0.052,0.461,
Emma2_Blank_BH_R3_T3,30,Emma2,Blank,BH,R3,T3,06102021_1210pm,4150,69.2,0.247,0.481,
Laura1_Blank_BH_R1_T3,31,Laura1,Blank,BH,R1,T3,06102021_1210pm,4150,69.2,0.115,0.531,
Laura1_Blank_BH_R2_T3,32,Laura1,Blank,BH,R2,T3,06102021_1210pm,4150,69.2,0.348,0.477,
Laura1_Blank_BH_R3_T3,33,Laura1,Blank,BH,R3,T3,06102021_1210pm,4150,69.2,0.124,0.47,
Laura2_Blank_BH_R1_T3,34,Laura2,Blank,BH,R1,T3,06102021_1210pm,4150,69.2,0.128,0.466,
Laura2_Blank_BH_R2_T3,35,Laura2,Blank,BH,R2,T3,06102021_1210pm,4150,69.2,0.117,0.47,
Laura2_Blank_BH_R3_T3,36,Laura2,Blank,BH,R3,T3,06102021_1210pm,4150,69.2,0.254,0.508,
Emma2_DCPET_AMW_R1_T3,37,Emma2,DCPET,AMW,R1,T3,06102021_1210pm,4150,69.2,1.304,1.144,12.1
Emma2_DCPET_AMW_R2_T3,38,Emma2,DCPET,AMW,R2,T3,06102021_1210pm,4150,69.2,1.499,1.146,12.4
Emma2_DCPET_AMW_R3_T3,39,Emma2,DCPET,AMW,R3,T3,06102021_1210pm,4150,69.2,1.348,1.039,12.4
Laura1_DCPET_AMW_R1_T3,40,Laura1,DCPET,AMW,R1,T3,06102021_1210pm,4150,69.2,0.998,0.723,9.7
Laura1_DCPET_AMW_R2_T3,41,Laura1,DCPET,AMW,R2,T3,06102021_1210pm,4150,69.2,1.458,0.722,8.5
Laura1_DCPET_AMW_R3_T3,42,Laura1,DCPET,AMW,R3,T3,06102021_1210pm,4150,69.2,1.979,0.766,6.4
Laura2_DCPET_AMW_R1_T3,43,Laura2,DCPET,AMW,R1,T3,06102021_1210pm,4150,69.2,0.739,0.75,22.7
Laura2_DCPET_AMW_R2_T3,44,Laura2,DCPET,AMW,R2,T3,06102021_1210pm,4150,69.2,0.946,0.742,8.9
Laura2_DCPET_AMW_R3_T3,45,Laura2,DCPET,AMW,R3,T3,06102021_1210pm,4150,69.2,0.946,0.75,9.1
Emma2_Blank_AMW_R1_T3,46,Emma2,Blank,AMW,R1,T3,06102021_1210pm,4150,69.2,0.074,0.419,
Emma2_Blank_AMW_R2_T3,47,Emma2,Blank,AMW,R2,T3,06102021_1210pm,4150,69.2,0.156,0.413,
Emma2_Blank_AMW_R3_T3,48,Emma2,Blank,AMW,R3,T3,06102021_1210pm,4150,69.2,0.143,0.424,
Laura1_Blank_AMW_R1_T3,49,Laura1,Blank,AMW,R1,T3,06102021_1210pm,4150,69.2,0.108,0.458,
Laura1_Blank_AMW_R2_T3,50,Laura1,Blank,AMW,R2,T3,06102021_1210pm,4150,69.2,0.077,0.471,
Laura1_Blank_AMW_R3_T3,51,Laura1,Blank,AMW,R3,T3,06102021_1210pm,4150,69.2,0.115,0.488,
Laura2_Blank_AMW_R1_T3,52,Laura2,Blank,AMW,R1,T3,06102021_1210pm,4150,69.2,0.083,0.452,
Laura2_Blank_AMW_R2_T3,53,Laura2,Blank,AMW,R2,T3,06102021_1210pm,4150,69.2,0.113,0.459,
Laura2_Blank_AMW_R3_T3,54,Laura2,Blank,AMW,R3,T3,06102021_1210pm,4150,69.2,0.106,0.452,
Blank_DCPET_AMW_R1_T3,55,Blank,DCPET,AMW,R1,T3,06102021_1210pm,4150,69.2,0.038,1.119,
Blank_DCPET_AMW_R2_T3,56,Blank,DCPET,AMW,R2,T3,06102021_1210pm,4150,69.2,0.038,1.111,
Blank_DCPET_AMW_R3_T3,57,Blank,DCPET,AMW,R3,T3,06102021_1210pm,4150,69.2,0.04,1.105,
Blank_TPA_BH_R1_T3,58,Blank,TPA,BH,R1,T3,06102021_1210pm,4150,69.2,0.065,1.877,
Blank_TPA_BH_R2_T3,59,Blank,TPA,BH,R2,T3,06102021_1210pm,4150,69.2,0.088,1.858,
Blank_TPA_BH_R3_T3,60,Blank,TPA,BH,R3,T3,06102021_1210pm,4150,69.2,0.106,1.917,
Blank_DCPET_BH_R1_T3,61,Blank,DCPET,BH,R1,T3,06102021_1210pm,4150,69.2,0.064,1.237,
Blank_DCPET_BH_R2_T3,62,Blank,DCPET,BH,R2,T3,06102021_1210pm,4150,69.2,0.058,1.237,
Blank_DCPET_BH_R3_T3,63,Blank,DCPET,BH,R3,T3,06102021_1210pm,4150,69.2,0.07,1.249,
Blank_DCPET_ARW_R1_T3,64,Blank,DCPET,ARW,R1,T3,06102021_1210pm,4150,69.2,0.039,1.161,
Blank_DCPET_ARW_R2_T3,65,Blank,DCPET,ARW,R2,T3,06102021_1210pm,4150,69.2,0.038,1.15,
Blank_DCPET_ARW_R3_T3,66,Blank,DCPET,ARW,R3,T3,06102021_1210pm,4150,69.2,0.056,1.173,
Emma2_TPA_BH_R1_T3,67,Emma2,TPA,BH,R1,T3,06102021_1210pm,4150,69.2,0.63,1.396,9.6
Emma2_TPA_BH_R2_T3,68,Emma2,TPA,BH,R2,T3,06102021_1210pm,4150,69.2,0.942,1.289,9.3
Emma2_TPA_BH_R3_T3,69,Emma2,TPA,BH,R3,T3,06102021_1210pm,4150,69.2,0.718,1.411,5.6
Laura1_TPA_BH_R1_T3,70,Laura1,TPA,BH,R1,T3,06102021_1210pm,4150,69.2,0.842,1.071,9.3
Laura1_TPA_BH_R2_T3,71,Laura1,TPA,BH,R2,T3,06102021_1210pm,4150,69.2,0.65,1.312,6.9
Laura1_TPA_BH_R3_T3,72,Laura1,TPA,BH,R3,T3,06102021_1210pm,4150,69.2,0.932,1.328,9.9
Laura2_TPA_BH_R1_T3,73,Laura2,TPA,BH,R1,T3,06102021_1210pm,4150,69.2,0.396,1.175,8.4
Laura2_TPA_BH_R2_T3,74,Laura2,TPA,BH,R2,T3,06102021_1210pm,4150,69.2,0.354,1.343,7.6
Laura2_TPA_BH_R3_T3,75,Laura2,TPA,BH,R3,T3,06102021_1210pm,4150,69.2,0.618,1.099,9.9
Emma2_DCPET_ARW_R1_T4,1,Emma2,DCPET,ARW,R1,T4,06112021_1150am,5570,92.83,1.155,,
Emma2_DCPET_ARW_R2_T4,2,Emma2,DCPET,ARW,R2,T4,06112021_1150am,5570,92.83,1.118,,
Emma2_DCPET_ARW_R3_T4,3,Emma2,DCPET,ARW,R3,T4,06112021_1150am,5570,92.83,1.217,,
Laura1_DCPET_ARW_R1_T4,4,Laura1,DCPET,ARW,R1,T4,06112021_1150am,5570,92.83,1.063,,
Laura1_DCPET_ARW_R2_T4,5,Laura1,DCPET,ARW,R2,T4,06112021_1150am,5570,92.83,0.489,,
Laura1_DCPET_ARW_R3_T4,6,Laura1,DCPET,ARW,R3,T4,06112021_1150am,5570,92.83,1.594,,
Laura2_DCPET_ARW_R1_T4,7,Laura2,DCPET,ARW,R1,T4,06112021_1150am,5570,92.83,0.973,,
Laura2_DCPET_ARW_R2_T4,8,Laura2,DCPET,ARW,R2,T4,06112021_1150am,5570,92.83,0.976,,
Laura2_DCPET_ARW_R3_T4,9,Laura2,DCPET,ARW,R3,T4,06112021_1150am,5570,92.83,1.066,,
Emma2_Blank_ARW_R1_T4,10,Emma2,Blank,ARW,R1,T4,06112021_1150am,5570,92.83,0.112,,
Emma2_Blank_ARW_R2_T4,11,Emma2,Blank,ARW,R2,T4,06112021_1150am,5570,92.83,0.161,,
Emma2_Blank_ARW_R3_T4,12,Emma2,Blank,ARW,R3,T4,06112021_1150am,5570,92.83,0.302,,
Laura1_Blank_ARW_R1_T4,13,Laura1,Blank,ARW,R1,T4,06112021_1150am,5570,92.83,0.106,,
Laura1_Blank_ARW_R2_T4,14,Laura1,Blank,ARW,R2,T4,06112021_1150am,5570,92.83,0.18,,
Laura1_Blank_ARW_R3_T4,15,Laura1,Blank,ARW,R3,T4,06112021_1150am,5570,92.83,0.089,,
Laura2_Blank_ARW_R1_T4,16,Laura2,Blank,ARW,R1,T4,06112021_1150am,5570,92.83,0.081,,
Laura2_Blank_ARW_R2_T4,17,Laura2,Blank,ARW,R2,T4,06112021_1150am,5570,92.83,0.204,,
Laura2_Blank_ARW_R3_T4,18,Laura2,Blank,ARW,R3,T4,06112021_1150am,5570,92.83,0.193,,
Emma2_DCPET_BH_R1_T4,19,Emma2,DCPET,BH,R1,T4,06112021_1150am,5570,92.83,1.143,,
Emma2_DCPET_BH_R2_T4,20,Emma2,DCPET,BH,R2,T4,06112021_1150am,5570,92.83,1.183,,
Emma2_DCPET_BH_R3_T4,21,Emma2,DCPET,BH,R3,T4,06112021_1150am,5570,92.83,1.271,,
Laura1_DCPET_BH_R1_T4,22,Laura1,DCPET,BH,R1,T4,06112021_1150am,5570,92.83,1.223,,
Laura1_DCPET_BH_R2_T4,23,Laura1,DCPET,BH,R2,T4,06112021_1150am,5570,92.83,1.118,,
Laura1_DCPET_BH_R3_T4,24,Laura1,DCPET,BH,R3,T4,06112021_1150am,5570,92.83,1.403,,
Laura2_DCPET_BH_R1_T4,25,Laura2,DCPET,BH,R1,T4,06112021_1150am,5570,92.83,0.908,,
Laura2_DCPET_BH_R2_T4,26,Laura2,DCPET,BH,R2,T4,06112021_1150am,5570,92.83,1.183,,
Laura2_DCPET_BH_R3_T4,27,Laura2,DCPET,BH,R3,T4,06112021_1150am,5570,92.83,1.066,,
Emma2_Blank_BH_R1_T4,28,Emma2,Blank,BH,R1,T4,06112021_1150am,5570,92.83,0.311,,
Emma2_Blank_BH_R2_T4,29,Emma2,Blank,BH,R2,T4,06112021_1150am,5570,92.83,0.266,,
Emma2_Blank_BH_R3_T4,30,Emma2,Blank,BH,R3,T4,06112021_1150am,5570,92.83,0.241,,
Laura1_Blank_BH_R1_T4,31,Laura1,Blank,BH,R1,T4,06112021_1150am,5570,92.83,0.107,,
Laura1_Blank_BH_R2_T4,32,Laura1,Blank,BH,R2,T4,06112021_1150am,5570,92.83,0.117,,
Laura1_Blank_BH_R3_T4,33,Laura1,Blank,BH,R3,T4,06112021_1150am,5570,92.83,0.111,,
Laura2_Blank_BH_R1_T4,34,Laura2,Blank,BH,R1,T4,06112021_1150am,5570,92.83,0.237,,
Laura2_Blank_BH_R2_T4,35,Laura2,Blank,BH,R2,T4,06112021_1150am,5570,92.83,0.125,,
Laura2_Blank_BH_R3_T4,36,Laura2,Blank,BH,R3,T4,06112021_1150am,5570,92.83,0.132,,
Emma2_DCPET_AMW_R1_T4,37,Emma2,DCPET,AMW,R1,T4,06112021_1150am,5570,92.83,1.166,,
Emma2_DCPET_AMW_R2_T4,38,Emma2,DCPET,AMW,R2,T4,06112021_1150am,5570,92.83,1.408,,
Emma2_DCPET_AMW_R3_T4,39,Emma2,DCPET,AMW,R3,T4,06112021_1150am,5570,92.83,1.294,,
Laura1_DCPET_AMW_R1_T4,40,Laura1,DCPET,AMW,R1,T4,06112021_1150am,5570,92.83,0.784,,
Laura1_DCPET_AMW_R2_T4,41,Laura1,DCPET,AMW,R2,T4,06112021_1150am,5570,92.83,1.108,,
Laura1_DCPET_AMW_R3_T4,42,Laura1,DCPET,AMW,R3,T4,06112021_1150am,5570,92.83,1.163,,
Laura2_DCPET_AMW_R1_T4,43,Laura2,DCPET,AMW,R1,T4,06112021_1150am,5570,92.83,1.082,,
Laura2_DCPET_AMW_R2_T4,44,Laura2,DCPET,AMW,R2,T4,06112021_1150am,5570,92.83,1.123,,
Laura2_DCPET_AMW_R3_T4,45,Laura2,DCPET,AMW,R3,T4,06112021_1150am,5570,92.83,0.989,,
Emma2_Blank_AMW_R1_T4,46,Emma2,Blank,AMW,R1,T4,06112021_1150am,5570,92.83,0.078,,
Emma2_Blank_AMW_R2_T4,47,Emma2,Blank,AMW,R2,T4,06112021_1150am,5570,92.83,0.128,,
Emma2_Blank_AMW_R3_T4,48,Emma2,Blank,AMW,R3,T4,06112021_1150am,5570,92.83,0.129,,
Laura1_Blank_AMW_R1_T4,49,Laura1,Blank,AMW,R1,T4,06112021_1150am,5570,92.83,0.069,,
Laura1_Blank_AMW_R2_T4,50,Laura1,Blank,AMW,R2,T4,06112021_1150am,5570,92.83,0.06,,
Laura1_Blank_AMW_R3_T4,51,Laura1,Blank,AMW,R3,T4,06112021_1150am,5570,92.83,0.073,,
Laura2_Blank_AMW_R1_T4,52,Laura2,Blank,AMW,R1,T4,06112021_1150am,5570,92.83,0.079,,
Laura2_Blank_AMW_R2_T4,53,Laura2,Blank,AMW,R2,T4,06112021_1150am,5570,92.83,0.08,,
Laura2_Blank_AMW_R3_T4,54,Laura2,Blank,AMW,R3,T4,06112021_1150am,5570,92.83,0.082,,
Blank_DCPET_AMW_R1_T4,55,Blank,DCPET,AMW,R1,T4,06112021_1150am,5570,92.83,0.055,,
Blank_DCPET_AMW_R2_T4,56,Blank,DCPET,AMW,R2,T4,06112021_1150am,5570,92.83,0.039,,
Blank_DCPET_AMW_R3_T4,57,Blank,DCPET,AMW,R3,T4,06112021_1150am,5570,92.83,0.046,,
Blank_TPA_BH_R1_T4,58,Blank,TPA,BH,R1,T4,06112021_1150am,5570,92.83,0.062,,
Blank_TPA_BH_R2_T4,59,Blank,TPA,BH,R2,T4,06112021_1150am,5570,92.83,0.088,,
Blank_TPA_BH_R3_T4,60,Blank,TPA,BH,R3,T4,06112021_1150am,5570,92.83,0.105,,
Blank_DCPET_BH_R1_T4,61,Blank,DCPET,BH,R1,T4,06112021_1150am,5570,92.83,0.064,,
Blank_DCPET_BH_R2_T4,62,Blank,DCPET,BH,R2,T4,06112021_1150am,5570,92.83,0.065,,
Blank_DCPET_BH_R3_T4,63,Blank,DCPET,BH,R3,T4,06112021_1150am,5570,92.83,0.07,,
Blank_DCPET_ARW_R1_T4,64,Blank,DCPET,ARW,R1,T4,06112021_1150am,5570,92.83,0.039,,
Blank_DCPET_ARW_R2_T4,65,Blank,DCPET,ARW,R2,T4,06112021_1150am,5570,92.83,0.069,,
Blank_DCPET_ARW_R3_T4,66,Blank,DCPET,ARW,R3,T4,06112021_1150am,5570,92.83,0.052,,
Emma2_TPA_BH_R1_T4,67,Emma2,TPA,BH,R1,T4,06112021_1150am,5570,92.83,1.128,,
Emma2_TPA_BH_R2_T4,68,Emma2,TPA,BH,R2,T4,06112021_1150am,5570,92.83,1.347,,
Emma2_TPA_BH_R3_T4,69,Emma2,TPA,BH,R3,T4,06112021_1150am,5570,92.83,1.062,,
Laura1_TPA_BH_R1_T4,70,Laura1,TPA,BH,R1,T4,06112021_1150am,5570,92.83,1.252,,
Laura1_TPA_BH_R2_T4,71,Laura1,TPA,BH,R2,T4,06112021_1150am,5570,92.83,0.786,,
Laura1_TPA_BH_R3_T4,72,Laura1,TPA,BH,R3,T4,06112021_1150am,5570,92.83,0.747,,
Laura2_TPA_BH_R1_T4,73,Laura2,TPA,BH,R1,T4,06112021_1150am,5570,92.83,1.035,,
Laura2_TPA_BH_R2_T4,74,Laura2,TPA,BH,R2,T4,06112021_1150am,5570,92.83,0.747,,
Laura2_TPA_BH_R3_T4,75,Laura2,TPA,BH,R3,T4,06112021_1150am,5570,92.83,0.969,,
Emma2_DCPET_ARW_R1_T5,1,Emma2,DCPET,ARW,R1,T5,06122021_0220pm,7160,119.33,1.179,,
Emma2_DCPET_ARW_R2_T5,2,Emma2,DCPET,ARW,R2,T5,06122021_0220pm,7160,119.33,1.237,,
Emma2_DCPET_ARW_R3_T5,3,Emma2,DCPET,ARW,R3,T5,06122021_0220pm,7160,119.33,1.466,,
Laura1_DCPET_ARW_R1_T5,4,Laura1,DCPET,ARW,R1,T5,06122021_0220pm,7160,119.33,1.36,,
Laura1_DCPET_ARW_R2_T5,5,Laura1,DCPET,ARW,R2,T5,06122021_0220pm,7160,119.33,0.327,,
Laura1_DCPET_ARW_R3_T5,6,Laura1,DCPET,ARW,R3,T5,06122021_0220pm,7160,119.33,1.076,,
Laura2_DCPET_ARW_R1_T5,7,Laura2,DCPET,ARW,R1,T5,06122021_0220pm,7160,119.33,0.927,,
Laura2_DCPET_ARW_R2_T5,8,Laura2,DCPET,ARW,R2,T5,06122021_0220pm,7160,119.33,1.06,,
Laura2_DCPET_ARW_R3_T5,9,Laura2,DCPET,ARW,R3,T5,06122021_0220pm,7160,119.33,1.247,,
Emma2_Blank_ARW_R1_T5,10,Emma2,Blank,ARW,R1,T5,06122021_0220pm,7160,119.33,0.061,,
Emma2_Blank_ARW_R2_T5,11,Emma2,Blank,ARW,R2,T5,06122021_0220pm,7160,119.33,0.107,,
Emma2_Blank_ARW_R3_T5,12,Emma2,Blank,ARW,R3,T5,06122021_0220pm,7160,119.33,0.07,,
Laura1_Blank_ARW_R1_T5,13,Laura1,Blank,ARW,R1,T5,06122021_0220pm,7160,119.33,0.076,,
Laura1_Blank_ARW_R2_T5,14,Laura1,Blank,ARW,R2,T5,06122021_0220pm,7160,119.33,0.098,,
Laura1_Blank_ARW_R3_T5,15,Laura1,Blank,ARW,R3,T5,06122021_0220pm,7160,119.33,0.08,,
Laura2_Blank_ARW_R1_T5,16,Laura2,Blank,ARW,R1,T5,06122021_0220pm,7160,119.33,0.08,,
Laura2_Blank_ARW_R2_T5,17,Laura2,Blank,ARW,R2,T5,06122021_0220pm,7160,119.33,0.095,,
Laura2_Blank_ARW_R3_T5,18,Laura2,Blank,ARW,R3,T5,06122021_0220pm,7160,119.33,0.22,,
Emma2_DCPET_BH_R1_T5,19,Emma2,DCPET,BH,R1,T5,06122021_0220pm,7160,119.33,1.178,,
Emma2_DCPET_BH_R2_T5,20,Emma2,DCPET,BH,R2,T5,06122021_0220pm,7160,119.33,1.237,,
Emma2_DCPET_BH_R3_T5,21,Emma2,DCPET,BH,R3,T5,06122021_0220pm,7160,119.33,1.264,,
Laura1_DCPET_BH_R1_T5,22,Laura1,DCPET,BH,R1,T5,06122021_0220pm,7160,119.33,1.834,,
Laura1_DCPET_BH_R2_T5,23,Laura1,DCPET,BH,R2,T5,06122021_0220pm,7160,119.33,1.394,,
Laura1_DCPET_BH_R3_T5,24,Laura1,DCPET,BH,R3,T5,06122021_0220pm,7160,119.33,1.219,,
Laura2_DCPET_BH_R1_T5,25,Laura2,DCPET,BH,R1,T5,06122021_0220pm,7160,119.33,0.917,,
Laura2_DCPET_BH_R2_T5,26,Laura2,DCPET,BH,R2,T5,06122021_0220pm,7160,119.33,1.271,,
Laura2_DCPET_BH_R3_T5,27,Laura2,DCPET,BH,R3,T5,06122021_0220pm,7160,119.33,1.124,,
Emma2_Blank_BH_R1_T5,28,Emma2,Blank,BH,R1,T5,06122021_0220pm,7160,119.33,0.498,,
Emma2_Blank_BH_R2_T5,29,Emma2,Blank,BH,R2,T5,06122021_0220pm,7160,119.33,0.279,,
Emma2_Blank_BH_R3_T5,30,Emma2,Blank,BH,R3,T5,06122021_0220pm,7160,119.33,0.219,,
Laura1_Blank_BH_R1_T5,31,Laura1,Blank,BH,R1,T5,06122021_0220pm,7160,119.33,0.092,,
Laura1_Blank_BH_R2_T5,32,Laura1,Blank,BH,R2,T5,06122021_0220pm,7160,119.33,0.158,,
Laura1_Blank_BH_R3_T5,33,Laura1,Blank,BH,R3,T5,06122021_0220pm,7160,119.33,0.124,,
Laura2_Blank_BH_R1_T5,34,Laura2,Blank,BH,R1,T5,06122021_0220pm,7160,119.33,0.17,,
Laura2_Blank_BH_R2_T5,35,Laura2,Blank,BH,R2,T5,06122021_0220pm,7160,119.33,0.184,,
Laura2_Blank_BH_R3_T5,36,Laura2,Blank,BH,R3,T5,06122021_0220pm,7160,119.33,0.228,,
Emma2_DCPET_AMW_R1_T5,37,Emma2,DCPET,AMW,R1,T5,06122021_0220pm,7160,119.33,1.11,,
Emma2_DCPET_AMW_R2_T5,38,Emma2,DCPET,AMW,R2,T5,06122021_0220pm,7160,119.33,1.428,,
Emma2_DCPET_AMW_R3_T5,39,Emma2,DCPET,AMW,R3,T5,06122021_0220pm,7160,119.33,1.276,,
Laura1_DCPET_AMW_R1_T5,40,Laura1,DCPET,AMW,R1,T5,06122021_0220pm,7160,119.33,0.832,,
Laura1_DCPET_AMW_R2_T5,41,Laura1,DCPET,AMW,R2,T5,06122021_0220pm,7160,119.33,1.26,,
Laura1_DCPET_AMW_R3_T5,42,Laura1,DCPET,AMW,R3,T5,06122021_0220pm,7160,119.33,1.204,,
Laura2_DCPET_AMW_R1_T5,43,Laura2,DCPET,AMW,R1,T5,06122021_0220pm,7160,119.33,0.873,,
Laura2_DCPET_AMW_R2_T5,44,Laura2,DCPET,AMW,R2,T5,06122021_0220pm,7160,119.33,1.014,,
Laura2_DCPET_AMW_R3_T5,45,Laura2,DCPET,AMW,R3,T5,06122021_0220pm,7160,119.33,1.036,,
Emma2_Blank_AMW_R1_T5,46,Emma2,Blank,AMW,R1,T5,06122021_0220pm,7160,119.33,0.078,,
Emma2_Blank_AMW_R2_T5,47,Emma2,Blank,AMW,R2,T5,06122021_0220pm,7160,119.33,0.356,,
Emma2_Blank_AMW_R3_T5,48,Emma2,Blank,AMW,R3,T5,06122021_0220pm,7160,119.33,0.145,,
Laura1_Blank_AMW_R1_T5,49,Laura1,Blank,AMW,R1,T5,06122021_0220pm,7160,119.33,0.061,,
Laura1_Blank_AMW_R2_T5,50,Laura1,Blank,AMW,R2,T5,06122021_0220pm,7160,119.33,0.059,,
Laura1_Blank_AMW_R3_T5,51,Laura1,Blank,AMW,R3,T5,06122021_0220pm,7160,119.33,0.073,,
Laura2_Blank_AMW_R1_T5,52,Laura2,Blank,AMW,R1,T5,06122021_0220pm,7160,119.33,0.101,,
Laura2_Blank_AMW_R2_T5,53,Laura2,Blank,AMW,R2,T5,06122021_0220pm,7160,119.33,0.067,,
Laura2_Blank_AMW_R3_T5,54,Laura2,Blank,AMW,R3,T5,06122021_0220pm,7160,119.33,0.084,,
Blank_DCPET_AMW_R1_T5,55,Blank,DCPET,AMW,R1,T5,06122021_0220pm,7160,119.33,0.038,,
Blank_DCPET_AMW_R2_T5,56,Blank,DCPET,AMW,R2,T5,06122021_0220pm,7160,119.33,0.038,,
Blank_DCPET_AMW_R3_T5,57,Blank,DCPET,AMW,R3,T5,06122021_0220pm,7160,119.33,0.038,,
Blank_TPA_BH_R1_T5,58,Blank,TPA,BH,R1,T5,06122021_0220pm,7160,119.33,0.07,,
Blank_TPA_BH_R2_T5,59,Blank,TPA,BH,R2,T5,06122021_0220pm,7160,119.33,0.099,,
Blank_TPA_BH_R3_T5,60,Blank,TPA,BH,R3,T5,06122021_0220pm,7160,119.33,0.172,,
Blank_DCPET_BH_R1_T5,61,Blank,DCPET,BH,R1,T5,06122021_0220pm,7160,119.33,0.062,,
Blank_DCPET_BH_R2_T5,62,Blank,DCPET,BH,R2,T5,06122021_0220pm,7160,119.33,0.117,,
Blank_DCPET_BH_R3_T5,63,Blank,DCPET,BH,R3,T5,06122021_0220pm,7160,119.33,0.074,,
Blank_DCPET_ARW_R1_T5,64,Blank,DCPET,ARW,R1,T5,06122021_0220pm,7160,119.33,0.042,,
Blank_DCPET_ARW_R2_T5,65,Blank,DCPET,ARW,R2,T5,06122021_0220pm,7160,119.33,0.116,,
Blank_DCPET_ARW_R3_T5,66,Blank,DCPET,ARW,R3,T5,06122021_0220pm,7160,119.33,0.055,,
Emma2_TPA_BH_R1_T5,67,Emma2,TPA,BH,R1,T5,06122021_0220pm,7160,119.33,1.564,,
Emma2_TPA_BH_R2_T5,68,Emma2,TPA,BH,R2,T5,06122021_0220pm,7160,119.33,1.44,,
Emma2_TPA_BH_R3_T5,69,Emma2,TPA,BH,R3,T5,06122021_0220pm,7160,119.33,1.56,,
Laura1_TPA_BH_R1_T5,70,Laura1,TPA,BH,R1,T5,06122021_0220pm,7160,119.33,1.426,,
Laura1_TPA_BH_R2_T5,71,Laura1,TPA,BH,R2,T5,06122021_0220pm,7160,119.33,1.607,,
Laura1_TPA_BH_R3_T5,72,Laura1,TPA,BH,R3,T5,06122021_0220pm,7160,119.33,1.289,,
Laura2_TPA_BH_R1_T5,73,Laura2,TPA,BH,R1,T5,06122021_0220pm,7160,119.33,0.958,,
Laura2_TPA_BH_R2_T5,74,Laura2,TPA,BH,R2,T5,06122021_0220pm,7160,119.33,0.753,,
Laura2_TPA_BH_R3_T5,75,Laura2,TPA,BH,R3,T5,06122021_0220pm,7160,119.33,1.409,,
Emma2_DCPET_ARW_R1_T6,1,Emma2,DCPET,ARW,R1,T6,06132021_0352pm,8692,144.87,1.304,,
Emma2_DCPET_ARW_R2_T6,2,Emma2,DCPET,ARW,R2,T6,06132021_0352pm,8692,144.87,1.436,,
Emma2_DCPET_ARW_R3_T6,3,Emma2,DCPET,ARW,R3,T6,06132021_0352pm,8692,144.87,1.387,,
Laura1_DCPET_ARW_R1_T6,4,Laura1,DCPET,ARW,R1,T6,06132021_0352pm,8692,144.87,1.283,,
Laura1_DCPET_ARW_R2_T6,5,Laura1,DCPET,ARW,R2,T6,06132021_0352pm,8692,144.87,0.369,,
Laura1_DCPET_ARW_R3_T6,6,Laura1,DCPET,ARW,R3,T6,06132021_0352pm,8692,144.87,0.907,,
Laura2_DCPET_ARW_R1_T6,7,Laura2,DCPET,ARW,R1,T6,06132021_0352pm,8692,144.87,0.825,,
Laura2_DCPET_ARW_R2_T6,8,Laura2,DCPET,ARW,R2,T6,06132021_0352pm,8692,144.87,0.989,,
Laura2_DCPET_ARW_R3_T6,9,Laura2,DCPET,ARW,R3,T6,06132021_0352pm,8692,144.87,1.241,,
Emma2_Blank_ARW_R1_T6,10,Emma2,Blank,ARW,R1,T6,06132021_0352pm,8692,144.87,0.136,,
Emma2_Blank_ARW_R2_T6,11,Emma2,Blank,ARW,R2,T6,06132021_0352pm,8692,144.87,0.137,,
Emma2_Blank_ARW_R3_T6,12,Emma2,Blank,ARW,R3,T6,06132021_0352pm,8692,144.87,0.058,,
Laura1_Blank_ARW_R1_T6,13,Laura1,Blank,ARW,R1,T6,06132021_0352pm,8692,144.87,0.068,,
Laura1_Blank_ARW_R2_T6,14,Laura1,Blank,ARW,R2,T6,06132021_0352pm,8692,144.87,0.199,,
Laura1_Blank_ARW_R3_T6,15,Laura1,Blank,ARW,R3,T6,06132021_0352pm,8692,144.87,0.103,,
Laura2_Blank_ARW_R1_T6,16,Laura2,Blank,ARW,R1,T6,06132021_0352pm,8692,144.87,0.073,,
Laura2_Blank_ARW_R2_T6,17,Laura2,Blank,ARW,R2,T6,06132021_0352pm,8692,144.87,0.186,,
Laura2_Blank_ARW_R3_T6,18,Laura2,Blank,ARW,R3,T6,06132021_0352pm,8692,144.87,0.22,,
Emma2_DCPET_BH_R1_T6,19,Emma2,DCPET,BH,R1,T6,06132021_0352pm,8692,144.87,1.144,,
Emma2_DCPET_BH_R2_T6,20,Emma2,DCPET,BH,R2,T6,06132021_0352pm,8692,144.87,1.146,,
Emma2_DCPET_BH_R3_T6,21,Emma2,DCPET,BH,R3,T6,06132021_0352pm,8692,144.87,1.098,,
Laura1_DCPET_BH_R1_T6,22,Laura1,DCPET,BH,R1,T6,06132021_0352pm,8692,144.87,1.563,,
Laura1_DCPET_BH_R2_T6,23,Laura1,DCPET,BH,R2,T6,06132021_0352pm,8692,144.87,1.251,,
Laura1_DCPET_BH_R3_T6,24,Laura1,DCPET,BH,R3,T6,06132021_0352pm,8692,144.87,0.941,,
Laura2_DCPET_BH_R1_T6,25,Laura2,DCPET,BH,R1,T6,06132021_0352pm,8692,144.87,0.683,,
Laura2_DCPET_BH_R2_T6,26,Laura2,DCPET,BH,R2,T6,06132021_0352pm,8692,144.87,1.499,,
Laura2_DCPET_BH_R3_T6,27,Laura2,DCPET,BH,R3,T6,06132021_0352pm,8692,144.87,0.936,,
Emma2_Blank_BH_R1_T6,28,Emma2,Blank,BH,R1,T6,06132021_0352pm,8692,144.87,0.347,,
Emma2_Blank_BH_R2_T6,29,Emma2,Blank,BH,R2,T6,06132021_0352pm,8692,144.87,0.106,,
Emma2_Blank_BH_R3_T6,30,Emma2,Blank,BH,R3,T6,06132021_0352pm,8692,144.87,0.283,,
Laura1_Blank_BH_R1_T6,31,Laura1,Blank,BH,R1,T6,06132021_0352pm,8692,144.87,0.2,,
Laura1_Blank_BH_R2_T6,32,Laura1,Blank,BH,R2,T6,06132021_0352pm,8692,144.87,0.509,,
Laura1_Blank_BH_R3_T6,33,Laura1,Blank,BH,R3,T6,06132021_0352pm,8692,144.87,0.194,,
Laura2_Blank_BH_R1_T6,34,Laura2,Blank,BH,R1,T6,06132021_0352pm,8692,144.87,0.216,,
Laura2_Blank_BH_R2_T6,35,Laura2,Blank,BH,R2,T6,06132021_0352pm,8692,144.87,0.128,,
Laura2_Blank_BH_R3_T6,36,Laura2,Blank,BH,R3,T6,06132021_0352pm,8692,144.87,0.239,,
Emma2_DCPET_AMW_R1_T6,37,Emma2,DCPET,AMW,R1,T6,06132021_0352pm,8692,144.87,1.077,,
Emma2_DCPET_AMW_R2_T6,38,Emma2,DCPET,AMW,R2,T6,06132021_0352pm,8692,144.87,1.411,,
Emma2_DCPET_AMW_R3_T6,39,Emma2,DCPET,AMW,R3,T6,06132021_0352pm,8692,144.87,1.322,,
Laura1_DCPET_AMW_R1_T6,40,Laura1,DCPET,AMW,R1,T6,06132021_0352pm,8692,144.87,0.808,,
Laura1_DCPET_AMW_R2_T6,41,Laura1,DCPET,AMW,R2,T6,06132021_0352pm,8692,144.87,1.138,,
Laura1_DCPET_AMW_R3_T6,42,Laura1,DCPET,AMW,R3,T6,06132021_0352pm,8692,144.87,1.141,,
Laura2_DCPET_AMW_R1_T6,43,Laura2,DCPET,AMW,R1,T6,06132021_0352pm,8692,144.87,1.02,,
Laura2_DCPET_AMW_R2_T6,44,Laura2,DCPET,AMW,R2,T6,06132021_0352pm,8692,144.87,0.971,,
Laura2_DCPET_AMW_R3_T6,45,Laura2,DCPET,AMW,R3,T6,06132021_0352pm,8692,144.87,0.935,,
Emma2_Blank_AMW_R1_T6,46,Emma2,Blank,AMW,R1,T6,06132021_0352pm,8692,144.87,0.06,,
Emma2_Blank_AMW_R2_T6,47,Emma2,Blank,AMW,R2,T6,06132021_0352pm,8692,144.87,0.137,,
Emma2_Blank_AMW_R3_T6,48,Emma2,Blank,AMW,R3,T6,06132021_0352pm,8692,144.87,0.098,,
Laura1_Blank_AMW_R1_T6,49,Laura1,Blank,AMW,R1,T6,06132021_0352pm,8692,144.87,0.06,,
Laura1_Blank_AMW_R2_T6,50,Laura1,Blank,AMW,R2,T6,06132021_0352pm,8692,144.87,0.074,,
Laura1_Blank_AMW_R3_T6,51,Laura1,Blank,AMW,R3,T6,06132021_0352pm,8692,144.87,0.057,,
Laura2_Blank_AMW_R1_T6,52,Laura2,Blank,AMW,R1,T6,06132021_0352pm,8692,144.87,0.086,,
Laura2_Blank_AMW_R2_T6,53,Laura2,Blank,AMW,R2,T6,06132021_0352pm,8692,144.87,0.071,,
Laura2_Blank_AMW_R3_T6,54,Laura2,Blank,AMW,R3,T6,06132021_0352pm,8692,144.87,0.069,,
Blank_DCPET_AMW_R1_T6,55,Blank,DCPET,AMW,R1,T6,06132021_0352pm,8692,144.87,0.038,,
Blank_DCPET_AMW_R2_T6,56,Blank,DCPET,AMW,R2,T6,06132021_0352pm,8692,144.87,0.038,,
Blank_DCPET_AMW_R3_T6,57,Blank,DCPET,AMW,R3,T6,06132021_0352pm,8692,144.87,0.039,,
Blank_TPA_BH_R1_T6,58,Blank,TPA,BH,R1,T6,06132021_0352pm,8692,144.87,0.062,,
Blank_TPA_BH_R2_T6,59,Blank,TPA,BH,R2,T6,06132021_0352pm,8692,144.87,0.1,,
Blank_TPA_BH_R3_T6,60,Blank,TPA,BH,R3,T6,06132021_0352pm,8692,144.87,1.075,,
Blank_DCPET_BH_R1_T6,61,Blank,DCPET,BH,R1,T6,06132021_0352pm,8692,144.87,0.067,,
Blank_DCPET_BH_R2_T6,62,Blank,DCPET,BH,R2,T6,06132021_0352pm,8692,144.87,0.155,,
Blank_DCPET_BH_R3_T6,63,Blank,DCPET,BH,R3,T6,06132021_0352pm,8692,144.87,0.071,,
Blank_DCPET_ARW_R1_T6,64,Blank,DCPET,ARW,R1,T6,06132021_0352pm,8692,144.87,0.039,,
Blank_DCPET_ARW_R2_T6,65,Blank,DCPET,ARW,R2,T6,06132021_0352pm,8692,144.87,0.12,,
Blank_DCPET_ARW_R3_T6,66,Blank,DCPET,ARW,R3,T6,06132021_0352pm,8692,144.87,0.042,,
Emma2_TPA_BH_R1_T6,67,Emma2,TPA,BH,R1,T6,06132021_0352pm,8692,144.87,1.505,,
Emma2_TPA_BH_R2_T6,68,Emma2,TPA,BH,R2,T6,06132021_0352pm,8692,144.87,1.83,,
Emma2_TPA_BH_R3_T6,69,Emma2,TPA,BH,R3,T6,06132021_0352pm,8692,144.87,1.658,,
Laura1_TPA_BH_R1_T6,70,Laura1,TPA,BH,R1,T6,06132021_0352pm,8692,144.87,0.808,,
Laura1_TPA_BH_R2_T6,71,Laura1,TPA,BH,R2,T6,06132021_0352pm,8692,144.87,1.1,,
Laura1_TPA_BH_R3_T6,72,Laura1,TPA,BH,R3,T6,06132021_0352pm,8692,144.87,1.062,,
Laura2_TPA_BH_R1_T6,73,Laura2,TPA,BH,R1,T6,06132021_0352pm,8692,144.87,0.738,,
Laura2_TPA_BH_R2_T6,74,Laura2,TPA,BH,R2,T6,06132021_0352pm,8692,144.87,0.87,,
Laura2_TPA_BH_R3_T6,75,Laura2,TPA,BH,R3,T6,06132021_0352pm,8692,144.87,1.004,,
Emma2_DCPET_ARW_R1_T7,1,Emma2,DCPET,ARW,R1,T7,06142021_0930am,9570,159.5,1.363,1.024,11.7
Emma2_DCPET_ARW_R2_T7,2,Emma2,DCPET,ARW,R2,T7,06142021_0930am,9570,159.5,1.933,0.887,7.1
Emma2_DCPET_ARW_R3_T7,3,Emma2,DCPET,ARW,R3,T7,06142021_0930am,9570,159.5,1.708,0.961,7.2
Laura1_DCPET_ARW_R1_T7,4,Laura1,DCPET,ARW,R1,T7,06142021_0930am,9570,159.5,1.513,0.731,8.6
Laura1_DCPET_ARW_R2_T7,5,Laura1,DCPET,ARW,R2,T7,06142021_0930am,9570,159.5,0.446,0.676,4.7
Laura1_DCPET_ARW_R3_T7,6,Laura1,DCPET,ARW,R3,T7,06142021_0930am,9570,159.5,0.875,0.818,9.4
Laura2_DCPET_ARW_R1_T7,7,Laura2,DCPET,ARW,R1,T7,06142021_0930am,9570,159.5,0.82,0.688,8.8
Laura2_DCPET_ARW_R2_T7,8,Laura2,DCPET,ARW,R2,T7,06142021_0930am,9570,159.5,0.853,0.663,8.9
Laura2_DCPET_ARW_R3_T7,9,Laura2,DCPET,ARW,R3,T7,06142021_0930am,9570,159.5,1.195,0.643,8.3
Emma2_Blank_ARW_R1_T7,10,Emma2,Blank,ARW,R1,T7,06142021_0930am,9570,159.5,0.089,0.425,
Emma2_Blank_ARW_R2_T7,11,Emma2,Blank,ARW,R2,T7,06142021_0930am,9570,159.5,0.062,0.419,
Emma2_Blank_ARW_R3_T7,12,Emma2,Blank,ARW,R3,T7,06142021_0930am,9570,159.5,0.068,0.444,
Laura1_Blank_ARW_R1_T7,13,Laura1,Blank,ARW,R1,T7,06142021_0930am,9570,159.5,0.078,0.475,
Laura1_Blank_ARW_R2_T7,14,Laura1,Blank,ARW,R2,T7,06142021_0930am,9570,159.5,0.141,0.445,
Laura1_Blank_ARW_R3_T7,15,Laura1,Blank,ARW,R3,T7,06142021_0930am,9570,159.5,0.282,0.433,
Laura2_Blank_ARW_R1_T7,16,Laura2,Blank,ARW,R1,T7,06142021_0930am,9570,159.5,0.082,0.432,
Laura2_Blank_ARW_R2_T7,17,Laura2,Blank,ARW,R2,T7,06142021_0930am,9570,159.5,0.097,0.448,
Laura2_Blank_ARW_R3_T7,18,Laura2,Blank,ARW,R3,T7,06142021_0930am,9570,159.5,0.227,0.434,
Emma2_DCPET_BH_R1_T7,19,Emma2,DCPET,BH,R1,T7,06142021_0930am,9570,159.5,1.246,1.045,10.5
Emma2_DCPET_BH_R2_T7,20,Emma2,DCPET,BH,R2,T7,06142021_0930am,9570,159.5,1.275,1.014,8.9
Emma2_DCPET_BH_R3_T7,21,Emma2,DCPET,BH,R3,T7,06142021_0930am,9570,159.5,1.245,1.006,9.3
Laura1_DCPET_BH_R1_T7,22,Laura1,DCPET,BH,R1,T7,06142021_0930am,9570,159.5,0.952,0.625,11.1
Laura1_DCPET_BH_R2_T7,23,Laura1,DCPET,BH,R2,T7,06142021_0930am,9570,159.5,1.376,0.675,12.5
Laura1_DCPET_BH_R3_T7,24,Laura1,DCPET,BH,R3,T7,06142021_0930am,9570,159.5,0.964,0.698,10.9
Laura2_DCPET_BH_R1_T7,25,Laura2,DCPET,BH,R1,T7,06142021_0930am,9570,159.5,0.91,0.813,20
Laura2_DCPET_BH_R2_T7,26,Laura2,DCPET,BH,R2,T7,06142021_0930am,9570,159.5,1.389,0.674,9.5
Laura2_DCPET_BH_R3_T7,27,Laura2,DCPET,BH,R3,T7,06142021_0930am,9570,159.5,0.589,0.726,9.8
Emma2_Blank_BH_R1_T7,28,Emma2,Blank,BH,R1,T7,06142021_0930am,9570,159.5,0.234,0.466,
Emma2_Blank_BH_R2_T7,29,Emma2,Blank,BH,R2,T7,06142021_0930am,9570,159.5,0.094,0.464,
Emma2_Blank_BH_R3_T7,30,Emma2,Blank,BH,R3,T7,06142021_0930am,9570,159.5,0.288,0.478,
Laura1_Blank_BH_R1_T7,31,Laura1,Blank,BH,R1,T7,06142021_0930am,9570,159.5,0.502,0.46,
Laura1_Blank_BH_R2_T7,32,Laura1,Blank,BH,R2,T7,06142021_0930am,9570,159.5,0.507,0.456,
Laura1_Blank_BH_R3_T7,33,Laura1,Blank,BH,R3,T7,06142021_0930am,9570,159.5,0.407,0.477,
Laura2_Blank_BH_R1_T7,34,Laura2,Blank,BH,R1,T7,06142021_0930am,9570,159.5,0.221,0.475,
Laura2_Blank_BH_R2_T7,35,Laura2,Blank,BH,R2,T7,06142021_0930am,9570,159.5,0.114,0.46,
Laura2_Blank_BH_R3_T7,36,Laura2,Blank,BH,R3,T7,06142021_0930am,9570,159.5,0.116,0.482,
Emma2_DCPET_AMW_R1_T7,37,Emma2,DCPET,AMW,R1,T7,06142021_0930am,9570,159.5,1.201,1.137,9.7
Emma2_DCPET_AMW_R2_T7,38,Emma2,DCPET,AMW,R2,T7,06142021_0930am,9570,159.5,1.435,0.907,11.1
Emma2_DCPET_AMW_R3_T7,39,Emma2,DCPET,AMW,R3,T7,06142021_0930am,9570,159.5,1.352,0.983,12.2
Laura1_DCPET_AMW_R1_T7,40,Laura1,DCPET,AMW,R1,T7,06142021_0930am,9570,159.5,0.829,0.673,8
Laura1_DCPET_AMW_R2_T7,41,Laura1,DCPET,AMW,R2,T7,06142021_0930am,9570,159.5,1.015,0.699,6.4
Laura1_DCPET_AMW_R3_T7,42,Laura1,DCPET,AMW,R3,T7,06142021_0930am,9570,159.5,1.23,0.722,12.2
Laura2_DCPET_AMW_R1_T7,43,Laura2,DCPET,AMW,R1,T7,06142021_0930am,9570,159.5,1.026,0.686,10.5
Laura2_DCPET_AMW_R2_T7,44,Laura2,DCPET,AMW,R2,T7,06142021_0930am,9570,159.5,1.023,0.653,10.5
Laura2_DCPET_AMW_R3_T7,45,Laura2,DCPET,AMW,R3,T7,06142021_0930am,9570,159.5,0.999,0.71,9.7
Emma2_Blank_AMW_R1_T7,46,Emma2,Blank,AMW,R1,T7,06142021_0930am,9570,159.5,0.054,0.423,
Emma2_Blank_AMW_R2_T7,47,Emma2,Blank,AMW,R2,T7,06142021_0930am,9570,159.5,0.151,0.433,
Emma2_Blank_AMW_R3_T7,48,Emma2,Blank,AMW,R3,T7,06142021_0930am,9570,159.5,0.055,0.429,
Laura1_Blank_AMW_R1_T7,49,Laura1,Blank,AMW,R1,T7,06142021_0930am,9570,159.5,0.083,0.459,
Laura1_Blank_AMW_R2_T7,50,Laura1,Blank,AMW,R2,T7,06142021_0930am,9570,159.5,0.056,0.456,
Laura1_Blank_AMW_R3_T7,51,Laura1,Blank,AMW,R3,T7,06142021_0930am,9570,159.5,0.057,0.443,
Laura2_Blank_AMW_R1_T7,52,Laura2,Blank,AMW,R1,T7,06142021_0930am,9570,159.5,0.107,0.437,
Laura2_Blank_AMW_R2_T7,53,Laura2,Blank,AMW,R2,T7,06142021_0930am,9570,159.5,0.069,0.429,
Laura2_Blank_AMW_R3_T7,54,Laura2,Blank,AMW,R3,T7,06142021_0930am,9570,159.5,0.074,0.43,
Blank_DCPET_AMW_R1_T7,55,Blank,DCPET,AMW,R1,T7,06142021_0930am,9570,159.5,0.04,1.146,
Blank_DCPET_AMW_R2_T7,56,Blank,DCPET,AMW,R2,T7,06142021_0930am,9570,159.5,0.038,1.13,
Blank_DCPET_AMW_R3_T7,57,Blank,DCPET,AMW,R3,T7,06142021_0930am,9570,159.5,0.038,1.159,
Blank_TPA_BH_R1_T7,58,Blank,TPA,BH,R1,T7,06142021_0930am,9570,159.5,0.061,1.959,
Blank_TPA_BH_R2_T7,59,Blank,TPA,BH,R2,T7,06142021_0930am,9570,159.5,0.091,1.957,
Blank_TPA_BH_R3_T7,60,Blank,TPA,BH,R3,T7,06142021_0930am,9570,159.5,1.415,1.312,
Blank_DCPET_BH_R1_T7,61,Blank,DCPET,BH,R1,T7,06142021_0930am,9570,159.5,0.068,1.257,
Blank_DCPET_BH_R2_T7,62,Blank,DCPET,BH,R2,T7,06142021_0930am,9570,159.5,0.831,1.061,
Blank_DCPET_BH_R3_T7,63,Blank,DCPET,BH,R3,T7,06142021_0930am,9570,159.5,0.078,1.276,
Blank_DCPET_ARW_R1_T7,64,Blank,DCPET,ARW,R1,T7,06142021_0930am,9570,159.5,0.04,1.184,
Blank_DCPET_ARW_R2_T7,65,Blank,DCPET,ARW,R2,T7,06142021_0930am,9570,159.5,0.131,1.19,
Blank_DCPET_ARW_R3_T7,66,Blank,DCPET,ARW,R3,T7,06142021_0930am,9570,159.5,0.049,1.198,
Emma2_TPA_BH_R1_T7,67,Emma2,TPA,BH,R1,T7,06142021_0930am,9570,159.5,1.93,0.622,19.9
Emma2_TPA_BH_R2_T7,68,Emma2,TPA,BH,R2,T7,06142021_0930am,9570,159.5,1.249,0.572,19.7
Emma2_TPA_BH_R3_T7,69,Emma2,TPA,BH,R3,T7,06142021_0930am,9570,159.5,2.33,1.023,16.1
Laura1_TPA_BH_R1_T7,70,Laura1,TPA,BH,R1,T7,06142021_0930am,9570,159.5,0.728,0.687,11.1
Laura1_TPA_BH_R2_T7,71,Laura1,TPA,BH,R2,T7,06142021_0930am,9570,159.5,1.804,0.81,7.4
Laura1_TPA_BH_R3_T7,72,Laura1,TPA,BH,R3,T7,06142021_0930am,9570,159.5,1.28,0.69,26.5
Laura2_TPA_BH_R1_T7,73,Laura2,TPA,BH,R1,T7,06142021_0930am,9570,159.5,1.58,0.649,9.2
Laura2_TPA_BH_R2_T7,74,Laura2,TPA,BH,R2,T7,06142021_0930am,9570,159.5,2.187,0.664,15.4
Laura2_TPA_BH_R3_T7,75,Laura2,TPA,BH,R3,T7,06142021_0930am,9570,159.5,0.836,0.701,7